time_utc,price,oi_btc,dp24,doi24,spot_net24,perp_net24,prem24,code24,liq_long24,liq_short24
2026-10-08T15:26:51Z,81360,30752.3,-2.47,0.27,0.8,-1.9,-0.07,spot_dn,25753650,2072387
2026-10-08T15:32:19Z,81295,31059.5,-2.54,1.27,0.8,-1.9,-0.064,liq_dn,27143098,2054117
2026-10-08T15:42:28Z,81243,30862.2,-2.61,0.63,0.8,-1.9,-0.066,liq_dn,30875588,2063488
2026-10-08T15:52:51Z,81373,30758.6,-2.45,0.29,0.8,-1.9,-0.068,liq_dn,30179855,1986303
2026-10-08T16:08:58Z,80976,309448.5,-2.84,0.28,-1.8,-4.4,-0.073,liq_dn,32335669,1831504
2026-10-08T16:13:40Z,80983,285623.7,-2.83,0.57,-1.8,-4.4,-0.075,liq_dn,32335669,1811146
2026-10-08T16:18:04Z,80957,289234.5,-2.87,0.75,-1.8,-4.4,-0.086,liq_dn,32325915,1811878
2026-10-08T16:42:18Z,81312,289607.7,-2.44,0.88,-1.8,-4.4,-0.07,liq_dn,32222048,1951300
2026-10-08T17:38:05Z,80732,287111.6,-2.85,0.11,-2.2,-4.6,-0.073,liq_dn,42094901,1942459
2026-10-08T18:44:12Z,81443,286302.0,-2.32,-0.13,-6.7,-5.2,-0.072,liq_dn,41097527,3630505
