time_utc,index_all,score_all,n_all,index_news,index_social,pos_pct,neg_pct
2026-10-08T12:17:07Z,48,-0.0483,139,50,37,30.9,35.3
2026-10-08T12:49:19Z,48,-0.0383,138,51,39,30.4,34.1
2026-10-08T13:21:42Z,50,0.0042,164,51,48,34.1,30.5
2026-10-08T13:41:41Z,51,0.0179,169,52,49,34.9,29.0
2026-10-08T14:00:42Z,51,0.0291,172,52,50,36.6,27.9
2026-10-08T14:06:25Z,52,0.0317,173,52,50,37.0,27.7
2026-10-08T14:17:41Z,52,0.0323,176,52,50,36.4,27.3
2026-10-08T14:29:26Z,53,0.062,209,53,53,37.8,24.4
2026-10-08T14:45:40Z,53,0.0602,205,53,54,37.1,24.4
2026-10-08T14:55:53Z,53,0.059,207,53,53,36.7,24.6
2026-10-08T15:26:38Z,53,0.0545,209,53,53,35.4,24.9
2026-10-08T15:32:04Z,53,0.0548,211,53,53,35.5,24.6
2026-10-08T15:42:14Z,52,0.0468,212,53,52,34.9,25.5
2026-10-08T15:52:34Z,52,0.0342,218,52,51,33.9,26.6
2026-10-08T16:08:42Z,52,0.0351,218,52,51,33.9,26.6
2026-10-08T16:13:22Z,52,0.0386,218,52,52,34.4,26.1
2026-10-08T16:17:48Z,52,0.0345,220,52,51,33.6,26.4
2026-10-08T16:42:04Z,51,0.0258,220,51,51,33.2,27.3
2026-10-08T17:37:49Z,51,0.0133,227,50,52,32.2,28.2
2026-10-08T18:43:54Z,50,0.0055,234,49,52,32.1,28.2
2026-10-08T19:37:48Z,51,0.0239,238,50,54,33.2,26.1
2026-10-08T20:39:44Z,51,0.0204,233,50,52,32.6,27.5
