time_utc,n,index_current,index_cryptobert,agree_pct
2026-10-08T14:31:27Z,208,54,63,52
2026-10-08T14:46:22Z,205,54,64,50
2026-10-08T14:56:20Z,205,53,63,50
2026-10-08T15:27:28Z,209,53,63,49
2026-10-08T15:32:56Z,210,53,63,50
2026-10-08T15:43:05Z,212,53,63,50
2026-10-08T15:53:32Z,218,52,62,50
2026-10-08T16:09:27Z,216,53,62,51
2026-10-08T16:14:04Z,218,52,62,51
2026-10-08T16:18:30Z,220,52,62,51
2026-10-08T16:42:57Z,219,52,61,52
2026-10-08T17:38:39Z,226,51,61,50
2026-10-08T18:44:51Z,232,51,61,51
2026-10-08T19:38:44Z,236,51,61,52
2026-10-08T20:40:33Z,233,51,61,51
2026-10-08T21:39:03Z,239,51,61,50
2026-10-08T22:38:20Z,241,50,60,50
2026-10-08T23:36:32Z,243,50,60,49
2026-10-09T00:21:38Z,459,51,60,49
2026-10-09T00:27:02Z,467,51,60,50
2026-10-09T00:42:55Z,488,52,60,49
2026-10-09T00:56:25Z,504,51,60,50
2026-10-09T01:21:36Z,536,52,60,50
2026-10-09T01:32:34Z,545,52,60,50
2026-10-09T01:40:05Z,553,52,60,50
2026-10-09T01:55:28Z,577,51,60,50
2026-10-09T02:03:26Z,589,51,60,50
2026-10-09T02:38:38Z,642,51,60,49
2026-10-09T03:41:09Z,704,51,60,48
2026-10-09T04:41:05Z,767,51,60,48
2026-10-09T05:35:27Z,827,51,60,47
2026-10-09T05:39:50Z,836,51,60,47
2026-10-09T06:47:39Z,898,51,60,47
2026-10-09T07:42:05Z,947,51,60,47
2026-10-09T08:41:34Z,1001,51,59,47
2026-10-09T09:41:52Z,1059,51,59,47
2026-10-09T10:41:04Z,1122,51,59,47
2026-10-09T11:37:34Z,1190,50,59,47
2026-10-09T12:46:11Z,1304,51,59,47
2026-10-09T13:43:23Z,1385,50,59,47
2026-10-09T14:43:55Z,1483,50,59,48
2026-10-09T15:40:14Z,1564,50,59,48
2026-10-09T16:40:54Z,1657,50,59,48
2026-10-09T17:37:20Z,1731,51,59,48
2026-10-09T18:42:47Z,1808,51,59,49
2026-10-09T19:39:08Z,1871,51,59,49
2026-10-09T20:38:41Z,1929,51,59,48
2026-10-09T21:38:39Z,1969,51,59,49
2026-10-09T22:38:07Z,1986,51,59,49
2026-10-09T23:37:10Z,1997,51,59,49
2026-10-10T00:51:51Z,1977,51,59,48
2026-10-10T01:39:50Z,1980,51,59,48
2026-10-10T02:38:56Z,1948,51,59,48
2026-10-10T03:40:12Z,1937,51,59,49
2026-10-10T04:39:57Z,1921,51,59,48
2026-10-10T05:36:52Z,1879,51,59,49
2026-10-10T06:44:30Z,1867,51,59,49
2026-10-10T07:37:35Z,1864,51,59,49
2026-10-10T08:38:33Z,1846,51,60,50
